{
  "accuracy": 0.975,
  "precision": 0.9615384615384616,
  "recall": 1.0,
  "f1": 0.9803921568627451
}